NbCI,NB_Classe,Method,Parametre_method_1,Parametre_method_2,fct_obj,nbr_evaluation,nbr_evaluation_aborted,temps,temps_CPU,delta_0,gamma_0,eps_0,r_0,x0_infect_0,beta0_0,beta1_0,beta2_0,beta3_0,beta4_0,beta5_0,beta6_0
1,1,MCMC,Metropolis,,717824.132836432778277,100000,0,8.580407922000001,8.564270221999999,0.606492917315229,0.063891490300641,0.612942750218065,0.200201125924328,0.000138545209232,0.060168404826461,0.039352439168513,0.036187912154308,0.058719465589389,0.037986081952832,0.047001789438915,0.028671832423300
1,1,MCMC,Metropolis,,608487.989680554484949,200000,0,16.937012382000002,16.912905553000002,0.605763967752539,0.063490201714534,0.613076159819458,0.199991529958469,0.000138590534655,0.060081627853214,0.039347076462533,0.037621122868805,0.060290799526721,0.041379551004257,0.049258460085360,0.029756221977612
1,1,MCMC,Metropolis,,588652.714760878356174,300000,0,25.247425524000001,25.215563260000000,0.605645273463516,0.063395638311289,0.613108031177069,0.199941848766587,0.000138600078720,0.060062267243960,0.039365947262679,0.037877262546291,0.060603066975057,0.042002651967423,0.049691066663793,0.029983431634917
