delta_0,gamma_0,eps_0,r_0,x0_infect_0,beta0_0,beta1_0,beta2_0,beta3_0,beta4_0,beta5_0,beta6_0
0.006667487300654,0.660881451847265,0.058748677382783,0.028878390377765,0.000009298104603,0.999935143734975,0.670342978479370,0.624760602227159,0.698807488073146,0.748010514333881,0.804743785513853,0.751315730675939