delta_0,gamma_0,eps_0,r_0,x0_infect_0,beta0_0,beta1_0,beta2_0,beta3_0,beta4_0,beta5_0,beta6_0,delta_1,gamma_1,eps_1,r_1,x0_infect_1,beta0_1,beta1_1,beta2_1,beta3_1,beta4_1,beta5_1,beta6_1,delta_2,gamma_2,eps_2,r_2,x0_infect_2,beta0_2,beta1_2,beta2_2,beta3_2,beta4_2,beta5_2,beta6_2,delta_3,gamma_3,eps_3,r_3,x0_infect_3,beta0_3,beta1_3,beta2_3,beta3_3,beta4_3,beta5_3,beta6_3,delta_4,gamma_4,eps_4,r_4,x0_infect_4,beta0_4,beta1_4,beta2_4,beta3_4,beta4_4,beta5_4,beta6_4,delta_5,gamma_5,eps_5,r_5,x0_infect_5,beta0_5,beta1_5,beta2_5,beta3_5,beta4_5,beta5_5,beta6_5,delta_6,gamma_6,eps_6,r_6,x0_infect_6,beta0_6,beta1_6,beta2_6,beta3_6,beta4_6,beta5_6,beta6_6,delta_7,gamma_7,eps_7,r_7,x0_infect_7,beta0_7,beta1_7,beta2_7,beta3_7,beta4_7,beta5_7,beta6_7
0.000000000000100,0.017066548624680,0.000000000000100,0.470535372321480,0.000289315637170,0.032277149626900,0.107357336056680,0.000000000000100,0.000000000000100,0.035943957203890,0.065233037337950,0.031378088404390,0.621415109334080,0.005676909496740,0.677218705974930,0.219556211930600,0.000037720791350,0.057054205052680,0.064857522127410,0.060300875583250,0.000352103813280,0.054924188083250,0.005819800063600,0.007171440510990,0.703493791145700,0.036203039918840,0.784310432109540,0.126892088916280,0.000059185692480,0.016754334099130,0.010925537957540,0.032883063568480,0.049555583708070,0.025596120885380,0.032298819951480,0.024945626841670,0.828905911975320,0.073487275241810,0.762082388487690,0.104950045838900,0.000199061654710,0.056395495331470,0.045703654969970,0.048230130405590,0.044197366531180,0.004214065219660,0.054742302198910,0.044589551985090,0.154068546400540,0.490705828594270,0.370181844699630,0.388565971008550,0.000145157597790,0.051595941134830,0.027045529715910,0.022045446765730,0.019808700586190,0.007175383870880,0.044144307670050,0.058755772496830,0.699415972411060,0.202415663901840,0.178102630414470,0.223715238486740,0.000063414120340,0.001025437137830,0.038311298432770,0.005560596788260,0.001302983540330,0.048465684129330,0.048422084997730,0.007359476194480,0.648970693703340,0.292570021870390,0.392913680542680,0.402034067403050,0.000082610753210,0.044817232050660,0.010991325222650,0.048603115824600,0.057491663353430,0.017766014722480,0.053327798710310,0.030871192271500,0.917376661760090,0.057226702597140,0.126530742077760,0.583230841794300,0.000151216410750,0.036478819228040,0.065847615951030,0.010648839662410,0.001309954029380,0.048972319750820,0.047104495930980,0.012538014678090