delta_0,gamma_0,eps_0,r_0,x0_infect_0,beta0_0,beta1_0,beta2_0,beta3_0,beta4_0,beta5_0,beta6_0
0.815735106470392,0.010959779997049,0.355811936506419,0.505870928073632,0.000203437401545,0.038355552311145,0.075033611289893,0.014970296561077,0.048640426122957,0.054808819263716,0.042416842634074,0.011541388061318