delta_0,gamma_0,eps_0,r_0,x0_infect_0,beta0_0,beta1_0,beta2_0,beta3_0,beta4_0,beta5_0,beta6_0
0.431310907248430,0.334285451070070,0.205170000000000,0.001070000000000,0.000211115637170,0.042045647950730,0.101141697788890,0.528830000000000,0.000000000000100,0.510160000000000,0.588394437397620,0.140040000000000