delta_0,gamma_0,eps_0,r_0,x0_infect_0,beta0_0,beta1_0,beta2_0,beta3_0,beta4_0,beta5_0,beta6_0
0.007396177424250,0.613002065535250,0.037972607926500,0.022345784488390,0.000012089054250,0.067080730952190,0.043319488180190,0.041217869572400,0.044936445050630,0.049570204824270,0.052178816702140,0.048933384803290