delta_0,gamma_0,eps_0,r_0,x0_infect_0,beta0_0,beta1_0,beta2_0,beta3_0,beta4_0,beta5_0,beta6_0
0.006776873570059,0.666131223502999,0.057385935837779,0.028550225445378,0.000009962883917,0.999893854281261,0.676133741250410,0.635753923437717,0.703014667395687,0.751754549475410,0.811906755191811,0.757144207515473