delta_0,gamma_0,eps_0,r_0,x0_infect_0,beta0_0,beta1_0,beta2_0,beta3_0,beta4_0,beta5_0,beta6_0
0.172924548203170,0.100760175803070,0.463313053582480,0.000000000000100,0.000275546618580,0.289840153123490,0.576370660775400,0.774463270991150,1.000000000000000,0.877758169552710,1.000000000000000,0.152497150178180