delta_0,gamma_0,eps_0,r_0,x0_infect_0,beta0_0,beta1_0,beta2_0,beta3_0,beta4_0,beta5_0,beta6_0,delta_1,gamma_1,eps_1,r_1,x0_infect_1,beta0_1,beta1_1,beta2_1,beta3_1,beta4_1,beta5_1,beta6_1
0.000005271784220,0.003249858413100,0.950600585740520,0.044784354490170,0.000289204337170,0.010645525000000,0.072153427713860,0.001745587430400,0.000686575446860,0.061926851600350,0.000004347000100,0.197435559406560,0.003608538701530,0.144748881999640,0.022082324252280,0.034778716495460,0.000194620989000,0.147945687405770,0.053661138280490,0.027163500000000,0.064409872584610,0.086540484030370,0.108726746728490,0.074401357393940