delta_0,gamma_0,eps_0,r_0,x0_infect_0,beta0_0,beta1_0,beta2_0,beta3_0,beta4_0,beta5_0,beta6_0,delta_1,gamma_1,eps_1,r_1,x0_infect_1,beta0_1,beta1_1,beta2_1,beta3_1,beta4_1,beta5_1,beta6_1
0.005875169785472,0.250767825046978,0.067349576294819,0.003314585253719,0.000002873173830,0.072792694007133,0.026386211400724,0.020441339790166,0.027581859666538,0.033957079700751,0.036976788460353,0.029432071759212,0.005001876623940,0.520285681003811,0.025126879071002,0.034982557507096,0.000012622241846,0.389446618097454,0.254245974355890,0.263552768437790,0.275300536659790,0.313248576583326,0.336537127585941,0.335093464497311