delta_0,gamma_0,eps_0,r_0,x0_infect_0,beta0_0,beta1_0,beta2_0,beta3_0,beta4_0,beta5_0,beta6_0
0.007568180879386,0.638430466360688,0.038427917006730,0.022805973185009,0.000013748746119,0.959258822864700,0.637961292508684,0.610045113370976,0.662493234963482,0.724399933128847,0.764609326303438,0.719214610431583