delta_0,gamma_0,eps_0,r_0,x0_infect_0,beta0_0,beta1_0,beta2_0,beta3_0,beta4_0,beta5_0,beta6_0,delta_1,gamma_1,eps_1,r_1,x0_infect_1,beta0_1,beta1_1,beta2_1,beta3_1,beta4_1,beta5_1,beta6_1
0.006111862108908,0.266272439466088,0.071778061792707,0.003826047818808,0.000002561237535,0.075362647960551,0.028208872375697,0.022531944213736,0.030151501357072,0.035402992585309,0.038715667815914,0.031557599622199,0.005219613882348,0.546952778630225,0.024860922105024,0.035426355899827,0.000010306196497,0.405967135091019,0.268438668680041,0.278511089705323,0.290361649209463,0.328609995196288,0.352649919350033,0.353885025926448